"id";"species";"test_date";"test_time";"test_order";"fin_clip";"video_box";"camera";"ISO";"Exposure";"observer";"sociality_barred_id";"sociality_black_id";"capture_date";"release_date";"location";"depth_feet";"home_tank";"tank_mate_id";"home_tank_combination";"SDL_cm";"remarks_home";"remarks_test";"trial";"Distance_moved_cm";"Velocity_cm.s";"In_zone_Frequency";"In_zone_cum_duration";"In_zone_latency";"Acceleration_min_cm.s2";"Acceleration_max_cm.s2";"vid_id";"Distance_per_body_length";"Velocity_body_length.s"
"BD22-035";"black";"17.10.2022";"12:28:00";"OFT_SOC_ESC";"bottom";"L";"0A4F";1800;1;"MH";"BD22-033";"BD22-029";"15.10.2022";"18.10.2022";"Solarte_A_Slope";"25";"1";"BD22-036";"black_black";6,82;"";"";"Trial     1";6174,41;11,4338;1;540,049;0;-899,178;980,39;"E:\test_videos\OFT\vids_cut\035_OFT.mov-cut.mov";905,338709677419;1,67651026392962
"BD22-036";"black";"17.10.2022";"12:32:00";"OFT_SOC_ESC";"top";"R";"7607";1800;1;"MH";"BD22-028";"BD22-024";"15.10.2022";"18.10.2022";"Solarte_A_Slope";"25";"1";"BD22-035";"black_black";6,45;"";"";"Trial     2";1486,16;2,75201;1;540,061;0;-886,029;998,508;"E:\test_videos\OFT\vids_cut\036_OFT.MP4-cut.mov";230,412403100775;0,426668217054264
"BD22-037";"barred";"17.10.2022";"11:22:00";"OFT_SOC_ESC";"bottom";"L";"0A4F";1800;1;"JG";"BD22-033";"BD22-029";"15.10.2022";"18.10.2022";"Solarte_A_Slope";"15-25";"H2";"BD22-038";"barred_barred";7,34;"";"";"Trial     3";39,0658;0,0723421;1;540,049;0;-495,997;495,997;"E:\test_videos\OFT\vids_cut\037_OFT.mov-cut.mov";5,32231607629428;0,00985587193460491
"BD22-038";"barred";"17.10.2022";"11:26:00";"OFT_SOC_ESC";"top";"R";"7607";1800;1;"JG";"BD22-028";"BD22-024";"15.10.2022";"18.10.2022";"Solarte_A_Slope";"15-25";"H2";"BD22-037";"barred_barred";7,91;"net needed";"";"Trial     4";1728,18;3,20024;1;540,049;0;-895,906;947,092;"E:\test_videos\OFT\vids_cut\038_OFT.MP4-cut.mov";218,480404551201;0,404581542351454
"BD22-039";"barred";"17.10.2022";"13:55:00";"OFT_SOC_ESC";"bottom";"R";"7607";1800;1;"MH";"BD22-028";"BD22-024";"15.10.2022";"21.10.2022";"Solarte_A_Slope";"15-25";"2";"BD22-040";"black_barred";6,39;"";"";"Trial     5";4572,43;8,60043;2;531,818;0;-900,321;957,169;"E:\test_videos\OFT\vids_cut\039_OFT.MP4-cut.mov";715,560250391236;1,34592018779343
"BD22-040";"black";"17.10.2022";"13:51:00";"OFT_SOC_ESC";"bottom";"L";"0A4F";1800;1;"MH";"BD22-033";"BD22-029";"15.10.2022";"18.10.2022";"Solarte_A_Slope";"25";"2";"BD22-039";"black_barred";6,23;"didnt record sociability, ran it two times";"";"Trial     6";862,1;1,59644;1;540,049;0;-880,109;889,93;"E:\test_videos\OFT\vids_cut\040_OFT.mov-cut.mov";138,378812199037;0,256250401284109
"BD22-041";"barred";"17.10.2022";"14:54:00";"OFT_ESC_SOC";"top";"L";"0A4F";1800;1;"MH";"BD22-033";"BD22-029";"15.10.2022";"18.10.2022";"Solarte_A_Slope";"15-25";"3";"BD22-042";"barred_barred";7,73;"";"";"Trial     7";4586,4;8,49308;1;540,049;0;-898,268;975,925;"E:\test_videos\OFT\vids_cut\041_OFT.mov-cut.mov";593,324708926261;1,09871668822768
"BD22-042";"barred";"17.10.2022";"14:58:00";"OFT_ESC_SOC";"bottom";"R";"7607";1800;1;"MH";"BD22-028";"BD22-024";"15.10.2022";"18.10.2022";"Solarte_A_Slope";"15-25";"3";"BD22-041";"barred_barred";7,25;"";"";"Trial     8";436,012;0,807406;1;540,049;0;-678,701;678,701;"E:\test_videos\OFT\vids_cut\042_OFT.mp4-cut.mov";60,1395862068966;0,111366344827586
"BD22-043";"black";"17.10.2022";"15:48:00";"OFT_ESC_SOC";"top";"R";"7607";1800;1;"MH";"BD22-028";"BD22-024";"15.10.2022";"21.10.2022";"Solarte_A_Slope";"25";"4";"BD22-044";"black_barred";6,43;"";"";"Trial     9";601,707;1,11424;1;540,049;0;-877,75;896,185;"E:\test_videos\OFT\vids_cut\043_OFT.MP4-cut.mov";93,5780715396579;0,173287713841369
"BD22-044";"barred";"17.10.2022";"15:44:00";"OFT_ESC_SOC";"top";"L";"0A4F";1800;1;"MH";"BD22-033";"BD22-029";"15.10.2022";"18.10.2022";"Solarte_A_Slope";"15-25";"4";"BD22-043";"black_barred";6,28;"";"";"Trial    10";12404,3;22,9702;1;540,049;0;-896,138;957,775;"E:\test_videos\OFT\vids_cut\044_OFT.mov-cut.mov";1975,20700636943;3,65767515923567
"BD22-045";"black";"17.10.2022";"09:54:00";"OFT_SOC_ESC";"bottom";"L";"0A4F";1800;1;"JG";"BD22-033";"BD22-029";"15.10.2022";"21.10.2022";"Solarte_A_Slope";"25";"5";"BD22-046";"black_black";6,31;"";"";"Trial    11";487,376;0,902523;1;540,049;0;-900,11;900,11;"E:\test_videos\OFT\vids_cut\045_OFT.mov-cut.mov";77,2386687797147;0,14303058637084
"BD22-046";"black";"17.10.2022";"09:58:00";"OFT_SOC_ESC";"top";"R";"7607";1800;1;"JG";"BD22-028";"BD22-024";"15.10.2022";"18.10.2022";"Solarte_A_Slope";"25";"5";"BD22-045";"black_black";6,86;"";"";"Trial    12";2018,79;3,7383;1;540,061;0;-898,873;911;"E:\test_videos\OFT\vids_cut\046_OFT.MP4-cut.mov";294,284256559767;0,544941690962099
"BD22-047";"barred";"17.10.2022";"10:39:00";"OFT_SOC_ESC";"bottom ";"L";"0A4F";1800;1;"JG";"BD22-028";"BD22-024";"15.10.2022";"21.10.2022";"Solarte_A_Slope";"15-25";"6";"BD22-048";"barred_barred";6,25;"";"";"Trial    13";7073,33;13,0986;1;540,042;0;-905,858;1029,5;"E:\test_videos\OFT\vids_cut\047_OFT.mov-cut.mov";1131,7328;2,095776
"BD22-048";"barred";"17.10.2022";"10:43:00";"OFT_SOC_ESC";"top";"R";"7607";1800;1;"JG";"BD22-033";"BD22-029";"15.10.2022";"18.10.2022";"Solarte_A_Slope";"15-25";"6";"BD22-047";"barred_barred";6,08;"";"";"Trial    14";125,74;0,232845;1;540,049;0;-732,209;732,209;"E:\test_videos\OFT\vids_cut\048_OFT.MP4-cut.mov";20,6809210526316;0,038296875
"BD22-049";"black";"20.10.2022";"14:07:00";"OFT_ESC_SOC";"bottom";"L";"0A4F";1800;1;"JG";"BD22-039";"BD22-043 (first R)";"18.10.2022";"21.10.2022";"Lagoon_A";"10";"1";"BD22-050";"black_barred";7,07;"";"";"Trial    15";861,163;1,59469;1;540,052;0;-893,49;908,088;"E:\test_videos\OFT\vids_cut\049_OFT.mov-cut.mov";121,805233380481;0,225557284299859
"BD22-050";"barred";"20.10.2022";"14:10:00";"OFT_ESC_SOC";"bottom";"R";"7607";1800;1;"JG";"BD22-047";"BD22-045";"18.10.2022";"24.10.2022";"Lagoon_A";"10";"1";"BD22-049";"black_barred";7,33;"";"";"Trial    16";8586,94;15,9016;1;540,037;0;-901,224;943,501;"E:\test_videos\OFT\vids_cut\050_OFT.MP4-cut.mov";1171,47885402456;2,1693860845839
"BD22-051";"barred";"20.10.2022";"11:47:00";"OFT_ESC_SOC";"top";"L";"0A4F";1800;1;"JG";"BD22-047";"BD22-045";"18.10.2022";"21.10.2022";"Lagoon_A";"10";"H2";"BD22-052";"barred_barred";8,17;"";"";"Trial    17";51,5781;0,0955123;1;540,049;0;-636,789;636,789;"E:\test_videos\OFT\vids_cut\051_OFT.mov-cut.mov";6,31310893512852;0,011690611995104
"BD22-052";"barred";"20.10.2022";"11:51:00";"OFT_ESC_SOC";"bottom";"R";"7607";1800;1;"JG";"BD22-039 (first R)";"BD22-043";"18.10.2022";"21.10.2022";"Lagoon_A";"10";"H2";"BD22-051";"barred_barred";7,91;"";"";"Trial    18";687,994;1,27403;1;540,049;0;-889,28;889,28;"E:\test_videos\OFT\vids_cut\052_OFT.MP4-cut.mov";86,9777496839444;0,161065739570164
"BD22-053";"black";"20.10.2022";"09:24:00";"OFT_ESC_SOC";"bottom";"L";"0A4F";1800;1;"JG";"BD22-039";"BD22-043";"18.10.2022";"21.10.2022";"Lagoon_A";"10";"2";"BD22-054";"black_black";7,41;"";"";"Trial    19";4853,69;8,98805;1;540,049;0;-899,284;969,205;"E:\test_videos\OFT\vids_cut\053_OFT.mov-cut.mov";655,018893387314;1,21296221322537
"BD22-054";"black";"20.10.2022";"09:27:00";"OFT_ESC_SOC";"top";"R";"7607";1800;1;"JG";"BD22-047";"BD22-045";"18.10.2022";"21.10.2022";"Lagoon_A";"10";"2";"BD22-053";"black_black";7,76;"";"";"Trial    20";2597,39;4,80981;1;540,052;0;-897,856;981,504;"E:\test_videos\OFT\vids_cut\054_OFT.MP4-cut.mov";334,715206185567;0,61982087628866
"BD22-055";"black";"20.10.2022";"11:01:00";"OFT_ESC_SOC";"top";"L";"0A4F";1800;1;"JG";"BD22-039";"BD22-043 (first R)";"18.10.2022";"21.10.2022";"Lagoon_A";"10";"3";"BD22-056";"black_barred";7,4;"";"";"Trial    21";8189,69;15,1657;1;540,049;0;-896,282;992,516;"E:\test_videos\OFT\vids_cut\055_OFT.mov-cut.mov";1106,71486486486;2,04941891891892
"BD22-056";"barred";"20.10.2022";"11:04:00";"OFT_ESC_SOC";"top";"R";"7607";1800;1;"JG";"BD22-047";"BD22-045";"18.10.2022";"21.10.2022";"Lagoon_A";"10";"3";"BD22-055";"black_barred";7,65;"";"jumped out before trial- looked stunned - gave 10 mins for recovery - prob. better not to use ";"Trial    22";16,5706;0,0306855;1;540,049;0;-521,115;521,115;"E:\test_videos\OFT\vids_cut\056_OFT.MP4-cut.mov";2,16609150326797;0,00401117647058824
"BD22-057";"black";"20.10.2022";"10:08:00";"OFT_ESC_SOC";"top";"L";"0A4F";1800;1;"JG";"BD22-047";"BD22-045";"18.10.2022";"24.10.2022";"Lagoon_A";"10";"4";"BD22-058";"black_black";7,01;"";"";"Trial    23";490,905;0,909058;1;540,049;0;-894,154;909,021;"E:\test_videos\OFT\vids_cut\057_OFT.mov-cut.mov";70,0292439372325;0,129680171184023
"BD22-058";"black";"20.10.2022";"10:11:00";"OFT_ESC_SOC";"bottom";"R";"7607";1800;1;"JG";"BD22-039";"BD22-043";"18.10.2022";"27.10.2022";"Lagoon_A";"10";"4";"BD22-057";"black_black";7,1;"";"";"Trial    24";628,049;1,16302;1;540,049;0;-893,466;904,534;"E:\test_videos\OFT\vids_cut\058_OFT.MP4-cut.mov";88,4576056338028;0,163805633802817
"BD22-059";"barred";"20.10.2022";"14:51:00";"OFT_ESC_SOC";"top";"L";"0A4F";1800;1;"JG";"BD22-047";"BD22-045";"18.10.2022";"21.10.2022";"Lagoon_A";"10";"5";"BD22-060";"barred_barred";7,57;"";"";"Trial    25";260,223;0,48188;1;540,049;0;-882,816;918,457;"E:\test_videos\OFT\vids_cut\059_OFT.mov-cut.mov";34,3755614266843;0,0636565389696169
"BD22-060";"barred";"20.10.2022";"14:55:00";"OFT_ESC_SOC";"bottom";"R";"7607";1800;1;"JG";"BD22-039 (first top)";"BD22-043";"18.10.2022";"24.10.2022";"Lagoon_A";"10";"5";"BD22-059";"barred_barred";6,7;"";"jumped from arena";"Trial    26";2450,89;4,53845;1;540,061;0;-899,709;959,938;"E:\test_videos\OFT\vids_cut\060_OFT.MP4-cut.mov";365,80447761194;0,677380597014925
"BD22-061";"black";"20.10.2022";"15:47:00";"OFT_ESC_SOC";"bottom";"R";"7607";1800;1;"JG";"BD22-047";"BD22-045";"18.10.2022";"21.10.2022";"Lagoon_A";"10";"6";"BD22-062";"black_barred";6,67;"";"";"Trial    27";3583,15;6,63527;1;540,049;0;-895,782;916,949;"E:\test_videos\OFT\vids_cut\061_OFT.MP4-cut.mov";537,203898050975;0,994793103448276
"BD22-062";"barred";"20.10.2022";"15:44:00";"OFT_ESC_SOC";"bottom";"L";"0A4F";1800;1;"JG";"BD22-039";"BD22-043 (first bottom L)";"18.10.2022";"21.10.2022";"Lagoon_A";"10";"6";"BD22-061";"black_barred";6,47;"";"";"Trial    28";371,307;0,687586;1;540,049;0;-766,97;766,97;"E:\test_videos\OFT\vids_cut\062_OFT.mov-cut.mov";57,3890262751159;0,106272952086553
"BD22-063";"barred";"23.10.2022";"09:54:00";"OFT_ESC_SOC";"bottom";"L";"0A4F";1800;1;"MH";"BD22-060";"BD22-057 (first top left)";"21.10.2022";"24.10.2022";"Bastimentos_A2";"10-15";"1";"BD22-064";"barred_barred";7,42;"";"thunder/ rain";"Trial    29";496,559;0,919527;1;540,049;0;-650,849;650,849;"E:\test_videos\OFT\vids_cut\063_OFT.mov-cut.mov";66,9216981132076;0,123925471698113
"BD22-064";"barred";"23.10.2022";"09:58:00";"OFT_ESC_SOC";"top";"R";"7607";1800;1;"MH";"BD22-050";"BD22-058 (pointed at while shanging)";"21.10.2022";"24.10.2022";"Bastimentos_A2";"10-15";"1";"BD22-063";"barred_barred";8,24;"";"thunder/ rain";"Trial    30";105,842;0,195998;1;540,049;0;-597,316;597,316;"E:\test_videos\OFT\vids_cut\064_OFT.MP4-cut.mov";12,8449029126214;0,0237861650485437
"BD22-065";"barred";"23.10.2022";"12:14:00";"OFT_ESC_SOC";"bottom";"L";"0A4F";1800;1;"MH";"BD22-060";"BD22-057";"21.10.2022";"27.10.2022";"Bastimentos_A2";"10-15";"H2";"BD22-066";"barred_barred";6,76;"";"";"Trial    31";78,9286;0,14616;1;540,049;0;-671,419;671,419;"E:\test_videos\OFT\vids_cut\065_OFT.mov-cut.mov";11,6758284023669;0,0216213017751479
"BD22-066";"barred";"23.10.2022";"12:28:00";"OFT_ESC_SOC";"top";"R";"7607";1800;1;"MH";"BD22-050";"BD22-058";"21.10.2022";"24.10.2022";"Bastimentos_A2";"10-15";"H2";"BD22-065";"barred_barred";6,81;"";"";"Trial    32";834,769;1,54582;1;540,049;0;-872,499;985,309;"E:\test_videos\OFT\vids_cut\066_OFT.MP4-cut.mov";122,579882525698;0,226992657856094
"BD22-067";"barred";"23.10.2022";"14:25:00";"OFT_ESC_SOC";"top";"R";"7607";1800;1;"MH";"BD22-050";"BD22-058";"21.10.2022";"27.10.2022";"Bastimentos_A2";"10-15";"2";"BD22-068";"black_barred";7,39;"";"could not see the fish on the phone (old phone), but heard some splashes, so I had to check that the fish is still in the tank during open field trial (~4 min)";"Trial    33";2699,92;4,99971;1;540,049;0;-899,814;930,217;"E:\test_videos\OFT\vids_cut\067_OFT.MP4-cut.mov";365,347767253045;0,676550744248985
"BD22-068";"black";"23.10.2022";"14:22:00";"OFT_ESC_SOC";"top";"L";"0A4F";1800;1;"MH";"BD22-060";"BD22-057";"21.10.2022";"27.10.2022";"Bastimentos_A2";"10-15";"2";"BD22-067";"black_barred";7,46;"";"";"Trial    34";3415,83;6,32544;1;540,049;0;-900,528;1006,75;"E:\test_videos\OFT\vids_cut\068_OFT.mov-cut.mov";457,886058981233;0,847914209115282
"BD22-069";"barred";"23.10.2022";"15:09:00";"OFT_ESC_SOC";"bottom";"L";"0A4F";1800;1;"MH";"BD22-060";"BD22-057";"21.10.2022";"24.10.2022";"Bastimentos_A2";"10-15";"3";"BD22-070";"barred_barred";5,99;"";"";"Trial    35";6656,79;12,327;1;540,049;0;-893,433;954,091;"E:\test_videos\OFT\vids_cut\069_OFT.mov-cut.mov";1111,31719532554;2,05792988313856
"BD22-070";"barred";"23.10.2022";"15:12:00";"OFT_ESC_SOC";"top";"R";"7607";1800;1;"MH";"BD22-050";"BD22-058";"21.10.2022";"24.10.2022";"Bastimentos_A2";"10-15";"3";"BD22-069";"barred_barred";6,71;"";"";"Trial    36";4809,69;8,90659;1;540,049;0;-896,036;947,809;"E:\test_videos\OFT\vids_cut\070_OFT.MP4-cut.mov";716,79433681073;1,3273606557377
"BD22-071";"barred";"23.10.2022";"15:58:00";"OFT_ESC_SOC";"bottom";"L";"0A4F";1800;1;"MH";"BD22-060";"BD22-057";"21.10.2022";"24.10.2022";"Bastimentos_A2";"10-15";"4";"BD22-072";"barred_barred";7,4;"";"";"Trial    37";6936,79;12,8452;1;540,061;0;-895,68;1001,29;"E:\test_videos\OFT\vids_cut\071_OFT.mov-cut.mov";937,404054054054;1,73583783783784
"BD22-072";"barred";"23.10.2022";"16:01:00";"OFT_ESC_SOC";"top";"R";"7607";1800;1;"MH";"BD22-050";"BD22-058";"21.10.2022";"24.10.2022";"Bastimentos_A2";"10-15";"4";"BD22-071";"barred_barred";7,4;"";"";"Trial    38";4604,67;8,52693;1;540,049;0;-898,028;933,933;"E:\test_videos\OFT\vids_cut\072_OFT.MP4-cut.mov";622,252702702703;1,15228783783784
"BD22-073";"barred";"23.10.2022";"10:38:00";"OFT_ESC_SOC";"bottom";"L";"0A4F";1800;1;"MH";"BD22-060";"BD22-057";"21.10.2022";"24.10.2022";"Bastimentos_A2";"10-15";"5";"BD22-074";"barred_barred";6,88;"";"";"Trial    39";5427,69;10,051;1;540,049;0;-901,217;1443,33;"E:\test_videos\OFT\vids_cut\073_OFT.mov-cut.mov";788,908430232558;1,4609011627907
"BD22-074";"barred";"23.10.2022";"10:43:00";"OFT_ESC_SOC";"top";"R";"7607";1800;1;"MH";"BD22-050";"BD22-058";"21.10.2022";"24.10.2022";"Bastimentos_A2";"10-15";"5";"BD22-073";"barred_barred";7,31;"";"";"Trial    40";125,263;0,231961;1;540,049;0;-676,388;676,388;"E:\test_videos\OFT\vids_cut\074_OFT.MP4-cut.mov";17,1358413132695;0,0317320109439125
"BD22-075";"barred";"23.10.2022";"11:27:00";"OFT_ESC_SOC";"bottom";"L";"0A4F";1800;1;"MH";"BD22-060";"BD22-057";"21.10.2022";"24.10.2022";"Bastimentos_A2";"10-15";"6";"BD22-076";"barred_barred";6,81;"";"";"Trial    41";121,884;0,225705;1;540,049;0;-877,081;890,229;"E:\test_videos\OFT\vids_cut\075_OFT.mov-cut.mov";17,8977973568282;0,0331431718061674
"BD22-076";"barred";"23.10.2022";"11:30:00";"OFT_ESC_SOC";"top";"R";"7607";1800;1;"MH";"BD22-050";"BD22-058";"21.10.2022";"24.10.2022";"Bastimentos_A2";"10-15";"6";"BD22-075";"barred_barred";6,81;"";"jumped out of small cooler (from table) before trial, seemed very stressed, maybe dismiss this recording";"Trial    42";23,9913;0,0444267;1;540,052;0;-669,541;669,541;"E:\test_videos\OFT\vids_cut\076_OFT.MP4-cut.mov";3,52295154185022;0,00652374449339207
"BD22-077";"black";"26.10.2022";"10:21:00";"OFT_ESC_SOC";"top";"L";"0A4F";1800;1;"JG";"BD22-067";"BD22-068";"24.10.2022";"27.10.2022";"Solarte_C";"10";"1";"BD22-078";"black_barred";7,47;"";"barred social very eradic, power outage on 26th, a lot of people at the tanks, pump stopped working";"Trial    43";4788,96;8,86819;1;540,049;0;-894,017;961,154;"E:\test_videos\OFT\vids_cut\077_OFT.mov-cut.mov";641,092369477912;1,18717402945114
"BD22-078";"barred";"26.10.2022";"10:24:00";"OFT_ESC_SOC";"top";"R";"7607";1800;1;"JG";"BD22-065";"BD22-058";"24.10.2022";"27.10.2022";"Solarte_C";"10";"1";"BD22-077";"black_barred";7,93;"";"power outage on 26th, a lot of people at the tanks, pump stopped working";"Trial    44";4199,83;7,77724;1;540,049;0;-898,686;958,195;"E:\test_videos\OFT\vids_cut\078_OFT.MP4-cut.mov";529,612862547289;0,980736443883985
"BD22-079";"barred";"26.10.2022";"12:23:00";"OFT_ESC_SOC";"bottom";"L";"0A4F";1800;1;"JG";"BD22-067";"BD22-068";"24.10.2022";"27.10.2022";"Solarte_C";"10";"H2";"BD22-080";"barred_barred";6,66;"";"barred social very eradic, power outage on 26th, a lot of people at the tanks, pump stopped working";"Trial    45";164,626;0,304854;1;540,049;0;-703,347;703,347;"E:\test_videos\OFT\vids_cut\079_OFT.mov-cut.mov";24,7186186186186;0,0457738738738739
"BD22-080";"barred";"26.10.2022";"12:26:00";"OFT_ESC_SOC";"top";"R";"7607";1800;1;"JG";"BD22-065";"BD22-058";"24.10.2022";"27.10.2022";"Solarte_C";"10";"H2";"BD22-079";"barred_barred";6,49;"";"power outage on 26th, a lot of people at the tanks, pump stopped working";"Trial    46";6622,22;12,263;1;540,049;0;-912,485;1308,07;"E:\test_videos\OFT\vids_cut\080_OFT.MP4-cut.mov";1020,37288135593;1,88952234206471
"BD22-081";"black";"26.10.2022";"13:04:00";"OFT_ESC_SOC";"bottom";"L";"0A4F";1800;1;"MH";"BD22-067";"BD22-068";"24.10.2022";"31.10.2022";"Solarte_B";"10";"2";"BD22-082";"black_black";7,36;"";"power outage on 26th, a lot of people at the tanks, pump stopped working";"Trial    47";119,401;0,221106;1;540,049;0;-862,552;885,751;"E:\test_videos\OFT\vids_cut\081_OFT.mov-cut.mov";16,2229619565217;0,0300415760869565
"BD22-082";"black";"26.10.2022";"13:06:00";"OFT_ESC_SOC";"top";"R";"7607";1800;1;"MH";"BD22-065";"BD22-058";"24.10.2022";"27.10.2022";"Solarte_B";"10";"2";"BD22-081";"black_black";8,11;"";"power outage on 26th, a lot of people at the tanks, pump stopped working";"Trial    48";305,213;0,565193;1;540,049;0;-869,218;895,895;"E:\test_videos\OFT\vids_cut\082_OFT.MP4-cut.mov";37,6341553637485;0,0696908754623921
"BD22-083";"barred";"26.10.2022";"14:09:00";"OFT_ESC_SOC";"bottom";"L";"0A4F";1800;1;"JG";"BD22-067";"BD22-068";"24.10.2022";NA;"Solarte_B";"10";"3";"BD22-084";"barred_barred";7,21;"";"power outage on 26th, a lot of people at the tanks, pump stopped working";"Trial    49";1862,64;3,44923;1;540,049;0;-891,818;906,703;"E:\test_videos\OFT\vids_cut\083_OFT.mov-cut.mov";258,341192787795;0,478395284327323
"BD22-084";"barred";"26.10.2022";"14:13:00";"OFT_ESC_SOC";"top";"R";"7607";1800;1;"JG";"BD22-065";"BD22-058";"24.10.2022";"27.10.2022";"Solarte_B";"10";"3";"BD22-083";"barred_barred";7,75;"";"power outage on 26th, a lot of people at the tanks, pump stopped working";"Trial    50";1076,39;1,99326;1;540,049;0;-892,359;928,363;"E:\test_videos\OFT\vids_cut\084_OFT.MP4-cut.mov";138,889032258065;0,257194838709677
"BD22-085";"black";"26.10.2022";"11:37:00";"OFT_ESC_SOC";"bottom";"L";"0A4F";1800;1;"JG";"BD22-065";"BD22-058";"24.10.2022";"27.10.2022";"Solarte_B";"10";"4";"BD22-086";"black_black";6,63;"";"power outage on 26th, a lot of people at the tanks, pump stopped working";"Trial    51";3583,14;6,63511;1;540,061;0;-1411,06;1084,8;"E:\test_videos\OFT\vids_cut\085_OFT.mov-cut.mov";540,443438914027;1,00077073906486
"BD22-086";"black";"26.10.2022";"11:41:00";"OFT_ESC_SOC";"top";"R";"7607";1800;1;"JG";"BD22-067";"BD22-068";"24.10.2022";"27.10.2022";"Solarte_B";"10";"4";"BD22-085";"black_black";6,73;"";"power outage on 26th, a lot of people at the tanks, pump stopped working";"Trial    52";104,833;0,19413;1;540,048;0;-607,582;607,582;"E:\test_videos\OFT\vids_cut\086_OFT.MP4-cut.mov";15,5769687964339;0,0288454680534918
"BD22-087";"barred";"26.10.2022";"15:40:00";"OFT_ESC_SOC";"top";"L";"0A4F";1800;1;"JG";"BD22-065";"BD22-058";"24.10.2022";"31.10.2022";"Solarte_B";"10";"5";"BD22-088";"black_barred";7,24;"";"power outage on 26th, a lot of people at the tanks, pump stopped working";"Trial    53";1297,71;2,4031;1;540,049;0;-901,283;928,799;"E:\test_videos\OFT\vids_cut\087_OFT.mov-cut.mov";179,241712707182;0,331919889502762
"BD22-088";"black";"26.10.2022";"15:43:00";"OFT_ESC_SOC";"top";"R";"7607";1800;1;"JG";"BD22-067";"BD22-068";"24.10.2022";"31.10.2022";"Solarte_B";"10";"5";"BD22-087";"black_barred";7,09;"";"power outage on 26th, a lot of people at the tanks, pump stopped working";"Trial    54";83,2948;0,154242;1;540,061;0;-616,772;616,772;"E:\test_videos\OFT\vids_cut\088_OFT.MP4-cut.mov";11,7482087447109;0,0217548660084626
"BD22-089";"barred";"26.10.2022";"14:53:00";"OFT_ESC_SOC";"bottom";"L";"0A4F";1800;1;"JG";"BD22-065";"BD22-058";"24.10.2022";"27.10.2022";"Solarte_B";"10";"7";"BD22-090";"black_barred";6,24;"";"JUMPED ON FLOOR - needed to check once if fish was still in tank during OFT - left HOBO during OFT, power outage on 26th, a lot of people at the tanks, pump stopped working";"Trial    55";347,592;0,643666;1;540,052;0;-1544,42;1544,42;"E:\test_videos\OFT\vids_cut\089_OFT.mov-cut.mov";55,7038461538462;0,103151602564103
"BD22-090";"black";"26.10.2022";"14:57:00";"OFT_ESC_SOC";"bottom";"R";"7607";1800;1;"JG";"BD22-067";"BD22-068";"24.10.2022";"27.10.2022";"Solarte_B";"10";"7";"BD22-089";"black_barred";5,6;"";"power outage on 26th, a lot of people at the tanks, pump stopped working";"Trial    56";2528,13;4,68149;1;540,061;0;-893,163;1030,84;"E:\test_videos\OFT\vids_cut\090_OFT.MP4-cut.mov";451,451785714286;0,835980357142857
"BD22-091";"black";"26.10.2022";"14:35:00";"OFT_ESC_SOC";"bottom";"L";"7607";1800;1;"MH";"BD22-083";"BD22-103";"27.10.2022";"31.10.2022";"Lagoon_A";"10";"1";"BD22-092";"black_black";7,28;"";"";"Trial    87";138,574;0,256612;1;540,049;0;-793,26;879,31;"E:\test_videos\OFT\vids_cut\r_aligned\091_OFT.MP4-cut.mov";19,0348901098901;0,0352489010989011
"BD22-092";"black";"26.10.2022";"14:37:00";"OFT_ESC_SOC";"top";"R";"0A4F";1800;1;"MH";"BD22-087";"BD22-081";"27.10.2022";"31.10.2022";"Lagoon_A";"10";"1";"BD22-091";"black_black";7,18;"";"";"Trial    74";509,611;0,943697;1;540,049;0;-891,303;930,504;"E:\test_videos\OFT\vids_cut\l_algned\092_OFT.MP4-cut.mov";70,9764623955432;0,131434122562674
"BD22-093";"barred";"29.10.2022";"13:51:00";"OFT_ESC_SOC";"top";"L";"7607";1800;1;"MH";"BD22-083";"BD22-103";"27.10.2022";"31.10.2022";"Lagoon_A";"10";"H2";"BD22-094";"black_barred";6,99;"";"";"Trial    88";1536,04;2,84445;1;540,049;0;-891,75;935,937;"E:\test_videos\OFT\vids_cut\r_aligned\093_OFT.MP4-cut.mov";219,748211731044;0,406931330472103
"BD22-094";"black";"29.10.2022";"13:53:00";"OFT_ESC_SOC";"top";"R";"0A4F";1800;1;"MH";"BD22-087";"BD22-081";"27.10.2022";"31.10.2022";"Lagoon_A";"10";"H2";"BD22-093";"black_barred";7,5;"";"";"Trial    75";1375,68;2,54749;1;540,049;0;-891,898;908,256;"E:\test_videos\OFT\vids_cut\l_algned\094_OFT.MP4-cut.mov";183,424;0,339665333333333
"BD22-095";"barred";"29.10.2022";"10:31:00";"OFT_ESC_SOC";"bottom";"L";"7607";1800;1;"MH";"BD22-083";"BD22-088";"27.10.2022";"31.10.2022";"Lagoon_A";"10";"2";"BD22-096";"barred_barred";7,62;"";"BD22-088 (black sociablity) moves a lot";"Trial    89";159,978;0,296246;1;540,049;0;-846,983;877,819;"E:\test_videos\OFT\vids_cut\r_aligned\095_OFT.MP4-cut.mov";20,9944881889764;0,0388774278215223
"BD22-096";"barred";"29.10.2022";"10:33:00";"OFT_ESC_SOC";"top";"R";"0A4F";1800;1;"MH";"BD22-087";"BD22-081";"27.10.2022";"03.11.2022";"Lagoon_A";"10";"2";"BD22-095";"barred_barred";7,38;"";"";"Trial    76";4347,91;8,05145;1;540,049;0;-896,386;976,497;"E:\test_videos\OFT\vids_cut\l_algned\096_OFT.MP4-cut.mov";589,147696476965;1,09098238482385
"BD22-097";"black";"29.10.2022";"15:26:00";"OFT_ESC_SOC";"bottom";"L";"7607";1800;1;"MH";"BD22-083";"BD22-103";"27.10.2022";"03.11.2022";"Lagoon_A";"10";"3";"BD22-098";"black_black";7,32;"";"";"Trial    90";2826,43;5,23397;1;540,049;0;-901,325;941,399;"E:\test_videos\OFT\vids_cut\r_aligned\097_OFT.MP4-cut.mov";386,124316939891;0,715023224043716
"BD22-098";"black";"29.10.2022";"15:28:00";"OFT_ESC_SOC";"top";"R";"0A4F";1800;1;"MH";"BD22-087";"BD22-081";"27.10.2022";"03.11.2022";"Lagoon_A";"10";"3";"BD22-097";"black_black";7,03;"";"forgot to record catching, but fish was easy to catch";"Trial    77";942,838;1,74593;1;540,052;0;-893,533;914,466;"E:\test_videos\OFT\vids_cut\l_algned\098_OFT.MP4-cut.mov";134,116358463727;0,248354196301565
"BD22-099";"barred";"29.10.2022";"12:11:00";"OFT_ESC_SOC";"bottom";"L";"7607";1800;1;"MH";"BD22-083";"BD22-103";"27.10.2022";"03.11.2022";"Lagoon_A";"10";"4";"BD22-100";"barred_barred";6,84;"";"forgot whether I already switched places for sociables, so I might have done it twice (if so just ignore the second switch)";"Trial    91";36,8807;0,0682957;1;540,049;0;-598,517;598,517;"E:\test_videos\OFT\vids_cut\r_aligned\099_OFT.MP4-cut.mov";5,39191520467836;0,0099847514619883
"BD22-100";"barred";"29.10.2022";"12:13:00";"OFT_ESC_SOC";"top";"R";"0A4F";1800;1;"MH";"BD22-087";"BD22-081";"27.10.2022";"31.10.2022";"Lagoon_A";"10";"4";"BD22-099";"barred_barred";6,24;"";"forgot whether I already switched places for sociables, so I might have done it twice (if so just ignore the second switch)";"Trial    78";102,983;0,190703;1;540,052;0;-772,23;772,23;"E:\test_videos\OFT\vids_cut\l_algned\100_OFT.MP4-cut.mov";16,5036858974359;0,0305613782051282
"BD22-101";"black";"29.10.2022";"11:21:00";"OFT_ESC_SOC";"bottom";"L";"7607";1800;1;"MH";"BD22-083";"BD22-103";"27.10.2022";"31.10.2022";"Lagoon_A";"10";"5";"BD22-102";"black_barred";7,17;"";"BD22-103 (black sociability) also from Lagoon_A, but BD22-088 was moving so much that I wanted to replace him";"Trial    92";40,9394;0,0758116;1;540,049;0;-565,181;565,181;"E:\test_videos\OFT\vids_cut\r_aligned\101_OFT.MP4-cut.mov";5,70981868898187;0,0105734449093445
"BD22-102";"barred";"29.10.2022";"11:24:00";"OFT_ESC_SOC";"bottom";"R";"0A4F";1800;1;"MH";"BD22-087";"BD22-081";"27.10.2022";"31.10.2022";"Lagoon_A";"10";"5";"BD22-101";"black_barred";6,73;"";"";"Trial    79";92,153;0,170645;1;540,061;0;-666,372;666,372;"E:\test_videos\OFT\vids_cut\l_algned\102_OFT.MP4-cut.mov";13,692867756315;0,0253558692421991
"BD22-103";"black";"29.10.2022";"09:40:00";"OFT_ESC_SOC";"bottom";"L";"7607";1800;1;"MH";"BD22-083";"BD22-088";"27.10.2022";"31.10.2022";"Lagoon_A";"10";"7";"BD22-104";"black_black";7,41;"BD22-104 escaped from home tank";"BD22-088 (black sociablity) moves a lot";"Trial    93";877,763;1,62544;1;540,049;0;-880,827;890,231;"E:\test_videos\OFT\vids_cut\r_aligned\103_OFT.MP4-cut.mov";118,456545209177;0,219357624831309
"BD22-105";"black";"02.11.2022";"14:08:00";"OFT_ESC_SOC";"bottom";"L";"7607";1800;1;"JG";"BD22-096";"BD22-097";"31.10.2022";"03.11.2022";"Bastimentos_A2";"25";"1";"BD22-106";"black_black";8,35;"";"forgot little labels for BL and BR in sociality test (top is BL, bottom is BR). Camera only recorded first 8:30 of sociality and then produced a million pictures!? Completely fooled me WTF. tried to restart - now its all a mess ... :(";"Trial    94";938,393;1,73772;1;540,049;0;-889,948;904,923;"E:\test_videos\OFT\vids_cut\r_aligned\105_OFT.MP4-cut.mov";112,382395209581;0,208110179640719
"BD22-106";"black";"02.11.2022";"14:11:00";"OFT_ESC_SOC";"top";"R";"0A4F";1800;1;"JG";"BD22-099";"BD22-098";"31.10.2022";"03.11.2022";"Bastimentos_A2";"25";"1";"BD22-105";"black_black";7,7;"";"";"Trial    57";5422,15;10,0406;1;540,054;0;-922,199;977,7;"E:\test_videos\OFT\vids_cut\106_OFT.MP4-cut.mov";704,175324675325;1,30397402597403
"BD22-107";"black";"02.11.2022";"14:56:00";"OFT_ESC_SOC";"bottom";"L";"7607";1800;1;"JG";"BD22-096";"BD22-097";"31.10.2022";"03.11.2022";"Bastimentos_A2";"25";"H2";"BD22-108";"black_black";7,17;"";"";"Trial    95";898,287;1,66345;1;540,049;0;-900,939;915,193;"E:\test_videos\OFT\vids_cut\r_aligned\107_OFT.MP4-cut.mov";125,28410041841;0,232001394700139
"BD22-108";"black";"02.11.2022";"15:00:00";"OFT_ESC_SOC";"top";"R";"0A4F";1800;1;"JG";"BD22-099";"BD22-098";"31.10.2022";"03.11.2022";"Bastimentos_A2";"25";"H2";"BD22-107";"black_black";7,62;"";"jumped out of the tank during chasing";"Trial    58";11965,9;22,1584;1;540,049;0;-903,798;993,117;"E:\test_videos\OFT\vids_cut\108_OFT.MP4-cut.mov";1570,3280839895;2,90792650918635
"BD22-109";"barred";"02.11.2022";"12:08:00";"OFT_ESC_SOC";"bottom";"L";"7607";1800;1;"JG";"BD22-096";"BD22-097";"31.10.2022";"07.11.2022";"Solarte_B";"10";"2";"BD22-110";"black_barred";7,6;"";"";"Trial    96";4924,66;9,11927;1;540,061;0;-897,763;925,342;"E:\test_videos\OFT\vids_cut\r_aligned\109_OFT.MP4-cut.mov";647,981578947368;1,19990394736842
"BD22-110";"black";"02.11.2022";"12:11:00";"OFT_ESC_SOC";"bottom";"R";"0A4F";1800;1;"JG";"BD22-099";"BD22-098";"31.10.2022";"03.11.2022";"Solarte_B";"10";"2";"BD22-109";"black_barred";7,34;"";"";"Trial    59";575,178;1,06511;1;540,049;0;-897,039;897,469;"E:\test_videos\OFT\vids_cut\110_OFT.MP4-cut.mov";78,3621253405995;0,145110354223433
"BD22-111";"black";"02.11.2022";"09:52:00";"OFT_ESC_SOC";"bottom";"L";"7607";1800;1;"JG";"BD22-099";"BD22-098";"31.10.2022";"03.11.2022";"Solarte_B";"10";"3";"BD22-112";"black_barred";7,16;"";"";"Trial    97";68,8196;0,12744;1;540,049;0;-890,759;907,061;"E:\test_videos\OFT\vids_cut\r_aligned\111_OFT.MP4-cut.mov";9,61167597765363;0,0177988826815642
"BD22-112";"barred";"02.11.2022";"09:55:00";"OFT_ESC_SOC";"bottom";"R";"0A4F";1800;1;"JG";"BD22-096";"BD22-097";"31.10.2022";"03.11.2022";"Solarte_B";"10";"3";"BD22-111";"black_barred";7,74;"";"";"Trial    60";5733,6;10,6174;1;540,052;0;-897,507;975,297;"E:\test_videos\OFT\vids_cut\112_OFT.MP4-cut.mov";740,77519379845;1,37175710594315
"BD22-113";"barred";"02.11.2022";"10:40:00";"OFT_ESC_SOC";"bottom";"L";"7607";1800;1;"JG";"BD22-099";"BD22-098";"31.10.2022";"03.11.2022";"Solarte_B";"10";"4";"BD22-114";"barred_barred";8,09;"";"";"Trial    98";135,343;0,250626;1;540,052;0;-887,184;887,184;"E:\test_videos\OFT\vids_cut\r_aligned\113_OFT.MP4-cut.mov";16,7296662546354;0,0309797280593325
"BD22-114";"barred";"02.11.2022";"10:42:00";"OFT_ESC_SOC";"top";"R";"0A4F";1800;1;"JG";"BD22-096";"BD22-097";"31.10.2022";"03.11.2022";"Solarte_B";"10";"4";"BD22-113";"barred_barred";7,64;"";"HOBO during OFT";"Trial    61";89,9301;0,166531;1;540,052;0;-565,114;565,114;"E:\test_videos\OFT\vids_cut\114_OFT.MP4-cut.mov";11,7709554973822;0,0217972513089005
"BD22-115";"barred";"02.11.2022";"11:21:00";"OFT_ESC_SOC";"top";"L";"7607";1800;1;"JG";"BD22-099";"BD22-098";"31.10.2022";"07.11.2022";"Solarte_B";"10";"5";"BD22-116";"black_barred";7,42;"";"";"Trial    99";8778,83;16,2566;1;540,049;0;-898,384;996,895;"E:\test_videos\OFT\vids_cut\r_aligned\115_OFT.MP4-cut.mov";1183,1307277628;2,19091644204852
"BD22-116";"black";"02.11.2022";"11:25:00";"OFT_ESC_SOC";"top";"R";"0A4F";1800;1;"JG";"BD22-096";"BD22-097";"31.10.2022";"03.11.2022";"Solarte_B";"10";"5";"BD22-115";"black_barred";6,27;"";"";"Trial    62";161,459;0,29899;1;540,049;0;-705,836;705,836;"E:\test_videos\OFT\vids_cut\116_OFT.MP4-cut.mov";25,7510366826156;0,0476858054226475
"BD22-117";"black";"02.11.2022";"13:24:00";"OFT_ESC_SOC";"bottom";"L";"7607";1800;1;"JG";"BD22-096";"BD22-097";"31.10.2022";"07.11.2022";"Solarte_B";"10";"7";"BD22-118";"black_black";7,6;"";"";"Trial   100";1008,21;1,86699;1;540,049;0;-887,143;897,394;"E:\test_videos\OFT\vids_cut\r_aligned\117_OFT.MP4-cut.mov";132,659210526316;0,245656578947368
"BD22-118";"black";"02.11.2022";"13:26:00";"OFT_ESC_SOC";"top";"R";"0A4F";1800;1;"JG";"BD22-099";"BD22-098";"31.10.2022";"07.11.2022";"Solarte_B";"10";"7";"BD22-117";"black_black";7,29;"";"";"Trial    63";3444,77;6,379;1;540,05;0;-898,768;983,461;"E:\test_videos\OFT\vids_cut\118_OFT.MP4-cut.mov";472,533607681756;0,875034293552812
"BD22-119";"barred";"05.11.2022";"10:39:00";"OFT_ESC_SOC";"bottom";"L";"7607";1800;1;"MH";"BD22-109";"BD22-117";"03.11.2022";"07.11.2022";"Bastimentos_A2";"15";"1";"BD22-120";"black_barred";7,53;"";"";"Trial   101";3192,39;5,91152;1;540,061;0;-897,977;931,813;"E:\test_videos\OFT\vids_cut\r_aligned\119_OFT.mov-cut.mov";423,956175298805;0,785062416998672
"BD22-120";"black";"05.11.2022";"10:40:00";"OFT_ESC_SOC";"bottom";"R";"0A4F";1800;1;"MH";"BD22-115";"BD22-118";"03.11.2022";"07.11.2022";"Solarte_B";"10";"1";"BD22-119";"black_barred";7,9;"";"";"Trial    80";461,879;0,855307;1;540,049;0;-891,734;903,989;"E:\test_videos\OFT\vids_cut\l_algned\120_OFT.MP4-cut.mov";58,4656962025316;0,108266708860759
"BD22-121";"barred";"05.11.2022";"11:30:00";"OFT_ESC_SOC";"bottom";"L";"7607";1800;1;"MH";"BD22-109";"BD22-117";"03.11.2022";"07.11.2022";"Bastimentos_A2";"15";"H2";"BD22-122";"barred_barred";7,08;"";"";"Trial   102";4120,37;7,63004;1;540,052;0;-892,879;1032,21;"E:\test_videos\OFT\vids_cut\r_aligned\121_OFT.mov-cut.mov";581,973163841808;1,07768926553672
"BD22-122";"barred";"05.11.2022";"11:32:00";"OFT_ESC_SOC";"top";"R";"0A4F";1800;1;"MH";"BD22-115";"BD22-118";"03.11.2022";"07.11.2022";"Bastimentos_A2";"15";"H2";"BD22-121";"barred_barred";7,83;"";"jumped out of tank during chasing";"Trial    81";196,112;0,36316;1;540,049;0;-886,552;886,552;"E:\test_videos\OFT\vids_cut\l_algned\122_OFT.MP4-cut.mov";25,0462324393359;0,0463805874840358
"BD22-123";"black";"05.11.2022";"13:42:00";"OFT_ESC_SOC";"bottom";"L";"7607";1800;1;"MH";"BD22-109";"BD22-117";"03.11.2022";"07.11.2022";"Solarte_B";"10";"2";"BD22-124";"black_black";6,77;"";"";"Trial   103";9131;16,9088;1;540,049;0;-897,694;983,546;"E:\test_videos\OFT\vids_cut\r_aligned\123_OFT.mov-cut.mov";1348,74446085672;2,4976070901034
"BD22-124";"black";"05.11.2022";"13:44:00";"OFT_ESC_SOC";"top";"R";"0A4F";1800;1;"MH";"BD22-115";"BD22-118";"03.11.2022";"07.11.2022";"Solarte_B";"10";"2";"BD22-123";"black_black";6,9;"";"";"Trial    82";1442,13;2,67047;1;540,062;0;-899,106;915,411;"E:\test_videos\OFT\vids_cut\l_algned\124_OFT.MP4-cut.mov";209,004347826087;0,387024637681159
"BD22-125";"black";"05.11.2022";"15:23:00";"OFT_ESC_SOC";"bottom";"L";"7607";1800;1;"MH";"BD22-109";"BD22-117";"03.11.2022";"07.11.2022";"Solarte_B";"10";"3";"BD22-126";"black_black";6,71;"";"";"Trial   104";4941,84;9,15108;1;540,061;0;-915,196;1005,79;"E:\test_videos\OFT\vids_cut\r_aligned\125_OFT.mov-cut.mov";736,488822652757;1,36379731743666
"BD22-126";"black";"05.11.2022";"15:24:00";"OFT_ESC_SOC";"top";"R";"0A4F";1800;1;"MH";"BD22-115";"BD22-118";"03.11.2022";"07.11.2022";"Solarte_B";"10";"3";"BD22-125";"black_black";7,06;"";"";"Trial    83";636,096;1,17792;1;540,049;0;-890,173;898,809;"E:\test_videos\OFT\vids_cut\l_algned\126_OFT.MP4-cut.mov";90,0985835694051;0,166844192634561
"BD22-127";"black";"05.11.2022";"12:19:00";"OFT_ESC_SOC";"top";"L";"7607";1800;1;"MH";"BD22-109";"BD22-117";"03.11.2022";"10.11.2022";"Solarte_B";"10";"4";"BD22-128";"black_barred";7,26;"";"";"Trial   105";70,9597;0,131403;1;540,049;0;-716,768;716,768;"E:\test_videos\OFT\vids_cut\r_aligned\127_OFT.mov-cut.mov";9,77406336088154;0,0180995867768595
"BD22-128";"barred";"05.11.2022";"12:20:00";"OFT_ESC_SOC";"top";"R";"0A4F";1800;1;"MH";"BD22-115";"BD22-118";"03.11.2022";"10.11.2022";"Solarte_B";"10";"4";"BD22-127";"black_barred";7,66;"";"I forgot to take out the HOBO-logger";"Trial    84";240,266;0,444924;1;540,049;0;-892,106;892,106;"E:\test_videos\OFT\vids_cut\l_algned\128_OFT.MP4-cut.mov";31,366318537859;0,0580840731070496
"BD22-129";"black";"05.11.2022";"09:52:00";"OFT_ESC_SOC";"bottom";"L";"7607";1800;1;"MH";"BD22-109";"BD22-117";"03.11.2022";"10.11.2022";"Solarte_B";"10";"5";"BD22-130";"black_black";7,67;"";"";"Trial   106";931,534;1,72501;1;540,049;0;-887,733;943,127;"E:\test_videos\OFT\vids_cut\r_aligned\129_OFT.mov-cut.mov";121,451629726206;0,224903520208605
"BD22-130";"black";"05.11.2022";"09:54:00";"OFT_ESC_SOC";"top";"R";"0A4F";1800;1;"MH";"BD22-115";"BD22-118";"03.11.2022";"07.11.2022";"Solarte_B";"10";"5";"BD22-129";"black_black";7,13;"";"";"Trial    85";67,0991;0,124253;1;540,053;0;-596,595;596,595;"E:\test_videos\OFT\vids_cut\l_algned\130_OFT.MP4-cut.mov";9,41081346423563;0,0174267882187938
"BD22-131";"barred";"05.11.2022";"14:29:00";"OFT_ESC_SOC";"bottom";"L";"7607";1800;1;"MH";"BD22-109";"BD22-117";"03.11.2022";"10.11.2022";"Solarte_B";"10";"7";"BD22-132";"black_barred";8,58;"";"";"Trial   107";15,4404;0,0285926;1;540,049;0;-527,026;527,026;"E:\test_videos\OFT\vids_cut\r_aligned\131_OFT.mov-cut.mov";1,79958041958042;0,00333247086247086
"BD22-132";"black";"05.11.2022";"14:30:00";"OFT_ESC_SOC";"bottom";"R";"0A4F";1800;1;"MH";"BD22-115";"BD22-118";"03.11.2022";"07.11.2022";"Solarte_B";"10";"7";"BD22-131";"black_barred";8,47;"";"fish had dark spots on fin and skin, maybe not healthy, see pictures";"Trial    86";288,891;0,534967;1;540,049;0;-666,757;666,757;"E:\test_videos\OFT\vids_cut\l_algned\132_OFT.MP4-cut.mov";34,1075560802834;0,063160212514758
"BD22-133";"barred";"09.11.2022";"12:29:00";"OFT_ESC_SOC";"bottom";"L";NA;1800;1;"MH";"BD22-128/131";"BD22-127/129";"07.11.2022";"10.11.2022";"Bastimentos_A2";"20";"1";"BD22-134";"black_barred";7,42;"";"";"Trial    64";144,94;0,2684;1;540,049;0;-859,887;918,802;"E:\test_videos\OFT\vids_cut\133_OFT.MP4-cut.mov";19,533692722372;0,0361725067385445
"BD22-134";"black";"09.11.2022";"12:30:00";"OFT_ESC_SOC";"bottom";"R";NA;1800;1;"MH";"BD22-128/131";"BD22-127/129";"07.11.2022";"10.11.2022";"Bastimentos_A2";"20";"1";"BD22-133";"black_barred";7,84;"";"";"Trial    65";8698,23;16,1074;1;540,049;0;-901,488;966,365;"E:\test_videos\OFT\vids_cut\134_OFT.mov-cut.mov";1109,4681122449;2,05451530612245
"BD22-135";"barred";"09.11.2022";"09:50:00";"OFT_ESC_SOC";"bottom";"L";NA;1800;1;"JG";"BD22-128/131";"BD22-127/129";"07.11.2022";"10.11.2022";"Bastimentos_A2";"20";"2";"BD22-136";"barred_barred";7,9;"";"";"Trial    66";152,328;0,282081;1;540,049;0;-860,312;883,464;"E:\test_videos\OFT\vids_cut\135_OFT.MP4-cut.mov";19,2820253164557;0,0357064556962025
"BD22-136";"barred";"09.11.2022";"09:53:00";"OFT_ESC_SOC";"top";"R";NA;1800;1;"JG";"BD22-128/131";"BD22-127/129";"07.11.2022";"10.11.2022";"Bastimentos_A2";"20";"2";"BD22-135";"barred_barred";7,62;"";"";"Trial    67";7271,41;13,4652;1;540,049;0;-899,476;954,93;"E:\test_videos\OFT\vids_cut\136_OFT.mov-cut.mov";954,253280839895;1,76708661417323
"BD22-137";"black";"09.11.2022";"10:36:00";"OFT_ESC_SOC";"bottom";"L";NA;1800;1;"JG";"BD22-128/131";"BD22-127/129";"07.11.2022";"10.11.2022";"Bastimentos_A2";"20";"3";"BD22-138";"black_black";8,44;"";"";"Trial    68";1442,01;2,67031;1;540,049;0;-883,427;918,892;"E:\test_videos\OFT\vids_cut\137_OFT.MP4-cut.mov";170,854265402844;0,316387440758294
"BD22-138";"black";"09.11.2022";"10:38:00";"OFT_ESC_SOC";"top";"R";NA;1800;1;"JG";"BD22-128/131";"BD22-127/129";"07.11.2022";"10.11.2022";"Bastimentos_A2";"20";"3";"BD22-137";"black_black";8,27;"";"";"Trial    69";12,0607;0,0223341;1;540,049;0;-504,084;504,084;"E:\test_videos\OFT\vids_cut\138_OFT.mov-cut.mov";1,45836759371221;0,00270061668681983
"BD22-139";"black";"09.11.2022";"11:42:00";"OFT_ESC_SOC";"top";"L";NA;1800;1;"MH";"BD22-128/131";"BD22-127/129";"07.11.2022";"10.11.2022";"Bastimentos_A2";"20";"4";"BD22-140";"black_barred";8,43;"";"";"Trial    70";279,9;0,518318;1;540,049;0;-866,618;906,632;"E:\test_videos\OFT\vids_cut\139_OFT.MP4-cut.mov";33,202846975089;0,0614849347568209
"BD22-140";"barred";"09.11.2022";"11:43:00";"OFT_ESC_SOC";"top";"R";NA;1800;1;"MH";"BD22-128/131";"BD22-127/129";"07.11.2022";"10.11.2022";"Bastimentos_A2";"20";"4";"BD22-139";"black_barred";8,39;"";"";"Trial    71";293,135;0,542827;1;540,049;0;-869,376;869,376;"E:\test_videos\OFT\vids_cut\140_OFT.mov-cut.mov";34,9386174016687;0,0646992848629321
"BD22-141";"black";"09.11.2022";"09:05:00";"OFT_ESC_SOC";"bottom";"L";NA;1800;1;"JG";"BD22-128/131";"BD22-127/129";"07.11.2022";"10.11.2022";"Bastimentos_A2";"20";"5";"BD22-142";"black_black";7,65;"";"";"Trial    72";5309,06;9,83131;1;540,049;0;-897,935;942,54;"E:\test_videos\OFT\vids_cut\141_OFT.MP4-cut.mov";693,99477124183;1,2851385620915
"BD22-142";"black";"09.11.2022";"09:08:00";"OFT_ESC_SOC";"top";"R";NA;1800;1;"JG";"BD22-128/131";"BD22-127/129";"07.11.2022";"10.11.2022";"Bastimentos_A2";"20";"5";"BD22-141";"black_black";7,66;"";"";"Trial    73";945,669;1,75201;1;540,061;0;-1966,04;2667,01;"E:\test_videos\OFT\vids_cut\142_OFT.mov-cut.mov";123,455483028721;0,228721932114883
